{
  "weekday": [
    0.043394183724911,
    0.026212869633263684,
    0.015254306702584555,
    0.009842860784164955,
    0.007262604132500814,
    0.00624850267954943,
    0.011077494600599862,
    0.02635710420940363,
    0.04050606728153247,
    0.042558807281672086,
    0.03649212807008313,
    0.030189191387596653,
    0.025941895417869735,
    0.023636787119359605,
    0.02308873021387185,
    0.024917003494037235,
    0.03074610507639546,
    0.039264052186418395,
    0.043307488331959,
    0.04102363140153369,
    0.0361297269160702,
    0.030344994251702038,
    0.06960469402836328,
    0.06503735096076158
  ],
  "weekend": [
    0.030538679484697292,
    0.01883983140861597,
    0.01172671821898478,
    0.008176614064291052,
    0.006479168512506569,
    0.00609800054294181,
    0.00975444116403023,
    0.019987058403975806,
    0.028700178222658388,
    0.029140595405046436,
    0.026625958049059956,
    0.02604783031635288,
    0.02698373973309789,
    0.02780492723525217,
    0.0275809755003181,
    0.02780937823204382,
    0.030166235405131744,
    0.033478720854074814,
    0.03307010660558107,
    0.029388475451967017,
    0.02613052466256999,
    0.023357086648902656,
    0.03302532252048658,
    0.030095470152795872
  ]
}